hash_values,song
f8f8f8f8e8e8e0c0,Adele - Skyfall_12_accompaniment
a9a9e9c9c9c9d1d1,Adele_Million_Years_Ago_10
b595959595959595,Adele_Million_Years_Ago_10_music
c9c9c9c9c9c9c9d9,Adele_Million_Years_Ago_10_vocals
b3b2b2b2b2b2b2b2,Adele_Skyfall _12_vocals
f8f8b8b8b8b8b8b0,Adele_Skyfall_12
abab838787878787,Amrdiab_wahshteny_17
87878787878787a7,Amrdiab_wahshteny_music_17
aaaab89c9c9c9c9d,Amrdiab_wahshteny_vocals_17
9c9c9c9c9c9c9c9d,Amrdiab_zaymanti_17
b8b8b8b8b8b8bc9c,Amrdiab_zaymanti_music_17
9e8e8e8e8e8e8e8d,Amrdiab_zaymanti_vocals_17
8a8a83878f8f8f8f,Asalah_MoakfMo2lma_04
828283879f9f8f8f,Asalah_MoakfMo2lma_music_04
99999994765a8bab,Asalah_MoakfMo2lma_vocals_04
a5a5a5b5958587ab,Bazzi_Renee_s Song_27
a4a4b4b4b4b6b6b6,Bazzi_Renee_s Song_music_27
a5a5a59595878bcb,Bazzi_Renee_s Song_vocals_27
89c9c9c9c9c9d9d9,Because_You_Loved_Me_M_08
b5b5a1a1a1e1e9e9,Because_You_Loved_Me_V_08
a9a9a9a9a9a9a9ab,Berlin_ BellaCiao_22
a9a9a9a9a9a9a9ad,Berlin_ BellaCiao_music_22
a9a9ababa9a9898b,Berlin_ BellaCiao_vocals_22
9696978787878d8d,Birdy_strange_birds_10
b4b4b4b4b4b4b4b5,Birdy_strange_birds_10_music
8686868f8f8f8dcd,Birdy_strange_birds_10_vocals
a2869698dc9e9e9e,Burnout_Syndromes_PHOENIX_01
8787869e9c8e9cda,Burnout_Syndromes_PHOENIX_01_music
b8b8b0f0f0f1b99c,Burnout_Syndromes_PHOENIX_01_vocals
94949495d5d5d5d5,Cairokee_Layla_18
d1d1d5d5d4d4d494,Cairokee_Layla_music_18
96969e9e8e8e86a6,Cairokee_Layla_vocals_18
ababa38b838b8b8b,Dimash_only_you_01
a3a3a3a3a3a3a3ab,Dimash_only_you_music_01
a89d9d99999c9c9c,Dimash_only_you_vocals_01
a9a9a1a1a5a7a7b6,Fairouz_Ahwak_07
c9c9c9c9c1c3e2f6,Fairouz_Ahwak_music_07
a5a5a5a5a5a5a5a7,Fairouz_Ahwak_vocals_07
ad8d8d8d8b8b8b9a,Faouzia_You_Don_t_Even_Know_Me_18
adadacacaca8acac,Faouzia_You_Don_t_Even_Know_Me_music_18
83838b838797d3db,Faouzia_You_Don_t_Even_Know_Me_vocals_18
83838b8b8b8f8f8f,Fly_Me_To_The_Moon_M_08
a5a5a5a5a5a5a3e3,Fly_Me_To_The_Moon_V_08
8aaaababa9a9a9a9,franksinatra_my_way_28
abaaaaaaaaaaaaaa,franksinatra_my_way_music_28
969696a5a5a5a5e5,franksinatra_my_way_vocals_28
89a8b8bcbcb899ab,Hamodelkdr_khatr11_01
8b8b8b8b8b8b8f8e,Hamodelkdr_khatr11_music_01
8c8cacbcf8f8b8a9,Hamodelkdr_khatr11_vocals_01
a9a983ababa9a9a9,ImagineDragons_natural_10
a9a9a9aba9a9a9a9,ImagineDragons_natural_10_music
858787c6c6466eee,ImagineDragons_natural_10_vocals
adadadadaca8a8a8,Indila_Boite En Argent_07
acacacacada5a5a5,Indila_Boite En Argent_music_07
adad8d8d8d8f8a8a,Indila_Boite En Argent_vocals_07
abaaaaaaaaaaaaaa,Indila_Derniere_Danse_music_06
ababab8a8a8b8b8b,Indila_Derniere_Danse_song_06
8b8b8b8b9b8b899d,Indila_Derniere_Danse_vocals_06
8e9e969696969696,John Legend_ All_Of_Me_05
f2b2b2b2b2b2b2b2,John Legend_All_Of_Me_music_05
8e8e8e878787878f,John Legend_All_Of_Me_vocals_05
8b8b839393939b9b,Jonas Blue _Perfect Strangers_music_06
8383838b9b9b9b9b,Jonas Blue_Perfect Strangers_song_06
a7a7a7a38a9aa2a3,Jonas Blue_Perfect Strangers_vocals_06
9f9f9e9c98989898,Kazim_AkonLaAkon_04
ffffdbdb90808080,Kazim_AkonLaAkon_music_04
9c9c9c9c9c9c9c9d,Kazim_AkonLaAkon_vocals_04
9696969696969796,kiiaraftlilwayne_gold_28
9696969696969796,kiiaraftlilwayne_gold_music_28
f8f8f8f8f8e8a880,kiiaraftlilwayne_gold_vocals_28
8683838797979f9c,Knaan _WavinFlag_22
aaa1919c9cb4a7b7,Knaan _WavinFlag_music_22
87838387c3cbde9c,Knaan _WavinFlag_vocals_22
aaaaaaaaaaaaabaa,Let_Her_Go_M_08
9d9c949c9d9c949d,Let_Her_Go_V_08
a5a5a5a5a5adad85,Lewis Capaldi_Someone_You_Loved_02
a5a5a5a5a5a5a5ad,Lewis Capaldi_Someone_You_Loved_music_02
928e8e8b89c9cddd,Lewis Capaldi_Someone_You_Loved_vocals_02
9b93959595959595,lilwayne_sights_28
9696969c9c9d8d8d,lilwayne_sights_music_28
95959595959595b5,lilwayne_sights_vocals_28
878787878787a7a3,LionKing_Hakunamatata_12
858d8d8d8d8d8f8f,LionKing_Hakunamatata_12_accompaniment
83878696b6b6b6e2,LionKing_Hakunamatata_12_vocals
8d8d8d8d858d8f8f,Lord_Huron_The_Night_We_Met_02
9d99999999999999,Lord_Huron_The_Night_We_Met_music_02
cdc5c5c5c5c5c5c6,Lord_Huron_The_Night_We_Met_vocals_02
8c8c9d9c9c9e9ada,LP_LostOnYou_12
9b9b9b9a9a8aaaa8,LP_LostOnYou_12_music
a58c8c8c9e9e9eda,LP_LostOnYou_12_vocals
83838383878fcfcf,Maroon 5_Memories_27
f2f2f2b2a2b2b0f0,Maroon 5_Memories_music_27
818187878f8f8fcf,Maroon 5_Memories_vocals_27
909c9c9c9d9d8d9d,Marshmello_Happier_18
adac9c8cad8c9d8d,Marshmello_Happier_music_18
92d392d2dbd1d1d1,Marshmello_Happier_vocals_18
8c8c8d8d8d9d9d9d,massaregbari_saheb_17
9c9c9c9c9c9c9cbc,massaregbari_saheb_music_17
a5a5a585858597df,massaregbari_saheb_vocals_17
a2a2a2aaaaaafafa,MohamedMounir_Younis_02
aaaaaaaaaaa2b6b6,MohamedMounir_Younis_music_02
e4e4e0eacacacada,MohamedMounir_Younis_vocal_02
8a89898d8d9e9ebe,Mounir_ezzay_06
8989898f8e9e9e9e,Mounir_ezzay_music_06
a6aaaba5575133b2,Mounir_ezzay_vocals_06
9a9a9a9a9a9a9a9e,Pink Floyd_Hey You_07
999999999999999d,Pink Floyd_Hey You_music_07
a6a6a6a6a6a6a6b6,Pink Floyd_Hey You_vocals_07
91919191919b9fdf,Post Malone_Swae Lee _Sunflower_27
9595959595959597,Post Malone_Swae Lee _Sunflower_music_27
91939383c2ceceee,Post Malone_Swae Lee _Sunflower_vocals_27
aeacacacacacacac,Sam Smith_Too_Good_At_Goodbyes_05
e4e4e4e4e4e4e4e5,Sam Smith_Too_Good_At_Goodbyes_music_05
ae8e8e8e8e8e8cad,Sam Smith_Too_Good_At_Goodbyes_vocals_05
949485a5a9a9ecfe,Shakira _MeEnamoré_22
9a9c958c9cb5a5b5,Shakira _MeEnamoré_music_22
959595c2e2e2e66e,Shakira _MeEnamoré_vocals_22
8b8b8b8b8b8b8b9b,Sia _Alive_music_05
9b8b8b8b8b8b8b8b,Sia_Alive_05
878787878b8b8bab,Sia_Alive_vocals_05
a2a2b3b3b3b3b191,Sia_Helium_23
a2a3a3a3b3b39393,Sia_Helium_music_23
adaca88acca5cd4f,Sia_Helium_vocals_23
a4a6a68d8dacadad,Sia_The_Greatest_23
a4a4acacacaeaeae,Sia_The_Greatest_music_23
9692939bcb995939,Sia_The_Greatest_vocals_23
a5a5a7a3a5a5a3a9,Sia_Unstoppable_23
a5a5a5a7a3a3a3a3,Sia_Unstoppable_music_23
a5a586cac9adad4d,Sia_Unstoppable_vocals_23
939393939b9a8e8e,spacetoon_corona_11
8f8e8e8e8e8e8e8e,spacetoon_corona_music_11
93939393939393e3,spacetoon_corona_vocal_11
8f8f8f8c8c8e8e8e,Spacetoon_remi_11
8a8a8e9e8e8e8e9f,spacetoon_remi_music_11
858585c5cfcfcaca,spacetoon_remi_vocal_11
f8b8b8a9a5a5a5a5,spacetoon_so2al_yrawdni_11
bbb9b9b9b9a8a0a0,spacetoon_so2al_yrawdni_music_11
dcdcc4c4c5c5c7c5,spacetoon_so2al_Yrawdni_Vocal_11
b8b9b99989a9aaaa,WaelGassar_Mogo3_04
92929a98d9cad6f6,WaelGassar_Mogo3_music_04
a9a9a9a9a9a8abab,WaelGassar_Mogo3_vocals_04
